<?xml version="1.0" encoding="UTF-8" ?>
<beans xmlns="http://www.springframework.org/schema/beans"
       xmlns:xsi="http://www.w3.org/2001/XMLSchema-instance"
       xmlns:util="http://www.springframework.org/schema/util"
       xmlns:tx="http://www.springframework.org/schema/tx"
       xsi:schemaLocation="
http://www.springframework.org/schema/beans http://www.springframework.org/schema/beans/spring-beans-2.5.xsd
http://www.springframework.org/schema/util http://www.springframework.org/schema/util/spring-util-2.5.xsd
http://www.springframework.org/schema/tx http://www.springframework.org/schema/tx/spring-tx-2.5.xsd">

<!-- 配置mysql数据源 -->
<bean id="dataSource" class="com.alibaba.druid.pool.DruidDataSource" init-method="init" destroy-method="close" primary="true"> 
      <!-- 基本属性 url、user、password -->
      <property name="url" value="${jdbc.url}" />
      <property name="username" value="${jdbc.username}" />
      <property name="password" value="${jdbc.password}" />
        
      <!-- 配置初始化大小、最小、最大 -->
      <property name="initialSize" value="3" />
      <property name="minIdle" value="3" /> 
      <property name="maxActive" value="20" />
    
      <!-- 配置获取连接等待超时的时间 -->
      <property name="maxWait" value="60000" />
    
      <!-- 配置间隔多久才进行一次检测，检测需要关闭的空闲连接，单位是毫秒 -->
      <property name="timeBetweenEvictionRunsMillis" value="60000" />
    
      <!-- 配置一个连接在池中最小生存的时间，单位是毫秒 -->
      <property name="minEvictableIdleTimeMillis" value="300000" />
    
      <property name="validationQuery" value="SELECT 'x'" />
      <property name="testWhileIdle" value="true" />
      <property name="testOnBorrow" value="false" />
      <property name="testOnReturn" value="false" />
    
      <!-- 打开PSCache，并且指定每个连接上PSCache的大小 -->
      <property name="poolPreparedStatements" value="true" />
      <property name="maxPoolPreparedStatementPerConnectionSize" value="20" />
    
      <!-- 配置监控统计拦截的filters -->
      <property name="filters" value="stat" /> 
    </bean>
  <!-- MyBATIS的sqlMap设定 -->
  <bean id="sqlSessionFactory" class="org.mybatis.spring.SqlSessionFactoryBean">
    <property name="mapperLocations" value="classpath*:mapper/**/*.xml"/>
    <property name="dataSource" ref="dataSource"/>
    <property name="configLocation" value="classpath:mybatis-config.xml"/>
  </bean>
    
  <!-- ===================== DAO定义: MyBATIS ===================== -->
  <!-- 查询DAO -->
 <bean id="queryDAO" 
      class="com.paasit.pai.core.dao.mybatis.QueryDAOMyBatisImpl">
    <property name="sqlSessionFactory" ref="sqlSessionFactory"/>
  </bean>
  
  <!-- 更新DAO（包括insert,update,delete） -->
  <bean id="updateDAO" 
      class="com.paasit.pai.core.dao.mybatis.UpdateDAOMybatisImpl">
    <property name="sqlSessionFactory" ref="sqlSessionFactory"/>
  </bean>
</beans>
